title,url,score,price,category
Canada's bill C-22 mandates mass metadata surveillance,https://www.michaelgeist.ca/2026/03/a-tale-of-two-bills-lawful-access-returns-with-changes-to-warrantless-access-but-dangerous-backdoor-surveillance-risks-remains/,580.0,,
Electric motor scaling laws and inertia in robot actuators,https://robot-daycare.com/posts/actuation_series_1/,46.0,,
Chrome DevTools MCP (2025),https://developer.chrome.com/blog/chrome-devtools-mcp-debug-your-browser-session,432.0,,
The 49MB web page,https://thatshubham.com/blog/news-audit,418.0,,
How I write software with LLMs,https://www.stavros.io/posts/how-i-write-software-with-llms/,84.0,,
What every computer scientist should know about floating-point arithmetic (1991) [pdf],https://www.itu.dk/~sestoft/bachelor/IEEE754_article.pdf,35.0,,
"Lies I was told about collaborative editing, Part 2: Why we don't use Yjs",https://www.moment.dev/blog/lies-i-was-told-pt-2,25.0,,
LLM Architecture Gallery,https://sebastianraschka.com/llm-architecture-gallery/,343.0,,
LLMs can be exhausting,https://tomjohnell.com/llms-can-be-absolutely-exhausting/,160.0,,
Stop Sloppypasta,https://stopsloppypasta.ai/,229.0,,
I used C++ and nanobind to build a zero-copy graph engine that lets Python train on 50GB datasets,https://reddit.com/r/Python/comments/1ru9qz9/i_used_c_and_nanobind_to_build_a_zerocopy_graph/,99.0,,
slamd - a dead simple 3D visualizer for Python,https://reddit.com/r/Python/comments/1rukp2j/slamd_a_dead_simple_3d_visualizer_for_python/,54.0,,
Robyn (finally) offers first party Pydantic integration 🎉,https://reddit.com/r/Python/comments/1rufc3o/robyn_finally_offers_first_party_pydantic/,40.0,,
"justx - An interactive command library for your terminal, powered by just",https://reddit.com/r/Python/comments/1ruemue/justx_an_interactive_command_library_for_your/,31.0,,
Pymetrica: a new quality analysis tool,https://reddit.com/r/Python/comments/1rupci4/pymetrica_a_new_quality_analysis_tool/,20.0,,
Mesa 4.0 alpha released,https://reddit.com/r/Python/comments/1ruc3q9/mesa_40_alpha_released/,18.0,,
Best Python approach for extracting structured financial data from inconsistent PDFs?,https://reddit.com/r/Python/comments/1ru90rt/best_python_approach_for_extracting_structured/,18.0,,
I wrote a Matplotlib scale that collapses weekends and off-hours on datetime x-axis,https://reddit.com/r/Python/comments/1rujgqz/i_wrote_a_matplotlib_scale_that_collapses/,13.0,,
"Used FastF1, FastAPI, and LightGBM to build an F1 race strategy simulator",https://reddit.com/r/Python/comments/1ruxquu/used_fastf1_fastapi_and_lightgbm_to_build_an_f1/,4.0,,
Monday Daily Thread: Project ideas!,https://reddit.com/r/Python/comments/1ruu3rw/monday_daily_thread_project_ideas/,3.0,,
What projects to do alone.,https://reddit.com/r/Python/comments/1ru90kz/what_projects_to_do_alone/,2.0,,
roche-sandbox: context manager for running untrusted code in sandbox with secure defaults,https://reddit.com/r/Python/comments/1ruzt2x/rochesandbox_context_manager_for_running/,2.0,,
[Showcase] pytest-gremlins v1.5.0: Fast mutation testing as a pytest plugin.,https://reddit.com/r/Python/comments/1ruv4wx/showcase_pytestgremlins_v150_fast_mutation/,2.0,,
Unrooted tree for multidimentional projection of data in XY space,https://reddit.com/r/Python/comments/1rum88e/unrooted_tree_for_multidimentional_projection_of/,2.0,,
Built a CLI tool that runs pre-training checks on PyTorch pipelines — pip install preflight-ml,https://reddit.com/r/Python/comments/1rui1dq/built_a_cli_tool_that_runs_pretraining_checks_on/,2.0,,
Asyncio Port Scanner in Python (CSV/JSON reports),https://reddit.com/r/Python/comments/1ruwl1a/asyncio_port_scanner_in_python_csvjson_reports/,1.0,,
I made a Python tool to detect performance regressions - Oracletrace,https://reddit.com/r/Python/comments/1rupjar/i_made_a_python_tool_to_detect_performance/,1.0,,
PyRatatui 0.2.5 — Python bindings for Rust’s Ratatui TUI library ⚡,https://reddit.com/r/Python/comments/1rue440/pyratatui_025_python_bindings_for_rusts_ratatui/,0.0,,
Intermediate in Python and want to build mobile applications,https://reddit.com/r/Python/comments/1ruu0zh/intermediate_in_python_and_want_to_build_mobile/,0.0,,
I built an open-source Python tool for semantic code search + AI agent tooling (2.5k downloads so fa,https://reddit.com/r/Python/comments/1ruy56p/i_built_an_opensource_python_tool_for_semantic/,0.0,,
Scraping Amazon Product Data With Python Without Getting Blocked,https://reddit.com/r/Python/comments/1ruek51/scraping_amazon_product_data_with_python_without/,0.0,,
I made @karpathy's Autoresearch work on CPU - and it's NOT bloated,https://reddit.com/r/Python/comments/1rua9yr/i_made_karpathys_autoresearch_work_on_cpu_and_its/,0.0,,
"**I made a ""Folding@home"" swarm for local LLM research**",https://reddit.com/r/Python/comments/1ruihdp/i_made_a_foldinghome_swarm_for_local_llm_research/,0.0,,
Making an app run in the background,https://reddit.com/r/Python/comments/1ruq8hj/making_an_app_run_in_the_background/,0.0,,
Pywho - Python Environment Interceptor,https://reddit.com/r/Python/comments/1ruppfh/pywho_python_environment_interceptor/,0.0,,
"Fjallraven - Foldsack No. 1 Backpack, Fits 15 Laptops",,,109.95,men's clothing
Mens Casual Premium Slim Fit T-Shirts ,,,22.3,men's clothing
Mens Cotton Jacket,,,55.99,men's clothing
Mens Casual Slim Fit,,,15.99,men's clothing
John Hardy Women's Legends Naga Gold & Silver Dragon Station Chain Bracelet,,,695.0,jewelery
Solid Gold Petite Micropave ,,,168.0,jewelery
White Gold Plated Princess,,,9.99,jewelery
Pierced Owl Rose Gold Plated Stainless Steel Double,,,10.99,jewelery
WD 2TB Elements Portable External Hard Drive - USB 3.0 ,,,64.0,electronics
SanDisk SSD PLUS 1TB Internal SSD - SATA III 6 Gb/s,,,109.0,electronics
Silicon Power 256GB SSD 3D NAND A55 SLC Cache Performance Boost SATA III 2.5,,,109.0,electronics
WD 4TB Gaming Drive Works with Playstation 4 Portable External Hard Drive,,,114.0,electronics
Acer SB220Q bi 21.5 inches Full HD (1920 x 1080) IPS Ultra-Thin,,,599.0,electronics
Samsung 49-Inch CHG90 144Hz Curved Gaming Monitor (LC49HG90DMNXZA) – Super Ultrawide Screen QLED ,,,999.99,electronics
BIYLACLESEN Women's 3-in-1 Snowboard Jacket Winter Coats,,,56.99,women's clothing
Lock and Love Women's Removable Hooded Faux Leather Moto Biker Jacket,,,29.95,women's clothing
Rain Jacket Women Windbreaker Striped Climbing Raincoats,,,39.99,women's clothing
MBJ Women's Solid Short Sleeve Boat Neck V ,,,9.85,women's clothing
Opna Women's Short Sleeve Moisture,,,7.95,women's clothing
DANVOUY Womens T Shirt Casual Cotton Short,,,12.99,women's clothing
